pattern,n_strata,mean_lower,mean_upper,mean_width,median_width,ate_covered,cate_coverage_rate,best_instrument
age,29,965.4870180586851,1747.1334551429022,781.6464370842172,311.8273553668272,True,0.3793103448275862,resp_age_cat
gender,29,970.1442096894954,1762.1486415899758,792.0044319004803,311.9553427640708,True,0.3793103448275862,resp_age_cat
polideo,30,965.4730839215954,1733.489618990823,768.0165350692272,312.131136240102,True,0.4,resp_age_cat
