pattern,n_strata,mean_lower,mean_upper,mean_width,median_width,true_ate,ate_covered
age,29,965.4870180586851,1747.1334551429022,781.6464370842172,311.8273553668272,1555.6658181083942,True
gender,29,970.1442096894954,1762.1486415899758,792.0044319004803,311.9553427640708,1555.6658181083942,True
polideo,30,965.4730839215954,1733.489618990823,768.0165350692272,312.131136240102,1555.6658181083942,True
