method,n_datasets,mean_ate,mean_bias,median_bias,mean_abs_bias,rmse,bias_std,coverage,mean_se,mean_ci_width
aipw,525.0,561.6404233192497,-5.1501658006314255,-0.002259921229184836,9.858873661410085,24.32873276331967,23.80004132717767,0.0019047619047619048,14.857170626576703,58.240108856180676
ipw,525.0,562.7577864261596,-4.032802693721518,-0.00041517275242822574,9.45175203097366,23.242951241787697,22.912250654655264,0.0019047619047619048,14.96341607020251,58.65659099519384
naive,525.0,567.693860385647,0.903271265765986,0.004962088500291728,9.15882970262116,28.71965902771646,28.732828617054015,0.0019047619047619048,11.720184541359945,45.94312340213097
outcome_regression,525.0,572.4650040419642,5.674414922083105,0.0019470590979764335,9.9909843209794,24.19595886902086,23.543603224516684,0.0019047619047619048,12.932907302221196,50.696996624707076
psm,490.0,617.004464845719,9.747389739870579,0.020246436687515246,33.41307764971492,79.48738320666605,78.96808804255373,0.0020408163265306124,12.319443402277258,48.29221813692684
